{"cameraMode":{"drawMode":0,"name":"Shaded","section":"Shading Mode"},"sceneLighting":false,"audioPlay":false,"sceneViewState":{"showFog":true,"showMaterialUpdate":false,"showSkybox":true,"showFlares":true,"showImageEffects":true,"showParticleSystems":true},"in2DMode":false,"pivot":{"x":-12.752249717712403,"y":-1.7000000476837159,"z":-7.997787952423096},"rotation":{"x":-0.0033224765211343767,"y":0.015279272571206093,"z":-0.000051270628318889067,"w":-0.9998778104782105},"size":4.492365837097168,"orthographic":true}