{"cameraMode":{"drawMode":0,"name":"Shaded","section":"Shading Mode"},"sceneLighting":false,"audioPlay":false,"sceneViewState":{"showFog":true,"showMaterialUpdate":false,"showSkybox":true,"showFlares":true,"showImageEffects":true,"showParticleSystems":true},"in2DMode":false,"pivot":{"x":317.4743957519531,"y":396.3680419921875,"z":-28.049718856811525},"rotation":{"x":-0.08719407021999359,"y":-0.011360128410160542,"z":0.0009942644974216819,"w":-0.996126115322113},"size":711.3671875,"orthographic":false}