{"cameraMode":{"drawMode":0,"name":"Shaded","section":"Shading Mode"},"sceneLighting":false,"audioPlay":false,"sceneViewState":{"showFog":true,"showMaterialUpdate":false,"showSkybox":true,"showFlares":true,"showImageEffects":true,"showParticleSystems":true},"in2DMode":false,"pivot":{"x":-17.586496353149415,"y":-1.7000000476837159,"z":-14.000837326049805},"rotation":{"x":-0.28800857067108157,"y":-0.49441197514533999,"z":0.17785724997520448,"w":-0.8006089925765991},"size":4.492363452911377,"orthographic":true}