{"cameraMode":{"drawMode":0,"name":"Shaded","section":"Shading Mode"},"sceneLighting":false,"audioPlay":false,"sceneViewState":{"showFog":true,"showMaterialUpdate":false,"showSkybox":true,"showFlares":true,"showImageEffects":true,"showParticleSystems":true},"in2DMode":false,"pivot":{"x":-15.577162742614746,"y":-1.7000000476837159,"z":-21.255081176757814},"rotation":{"x":-0.0033224765211343767,"y":0.015279272571206093,"z":-0.000051270628318889067,"w":-0.9998778104782105},"size":4.492366313934326,"orthographic":true}