{"cameraMode":{"drawMode":0,"name":"Shaded","section":"Shading Mode"},"sceneLighting":false,"audioPlay":false,"sceneViewState":{"showFog":true,"showMaterialUpdate":false,"showSkybox":true,"showFlares":true,"showImageEffects":true,"showParticleSystems":true},"in2DMode":false,"pivot":{"x":343.17974853515627,"y":380.49664306640627,"z":-203.3827667236328},"rotation":{"x":0.08420921117067337,"y":0.012269404716789723,"z":-0.0010359270963817835,"w":0.9963720440864563},"size":170.94546508789063,"orthographic":false}