{"cameraMode":{"drawMode":0,"name":"Shaded","section":"Shading Mode"},"sceneLighting":false,"audioPlay":false,"sceneViewState":{"showFog":true,"showMaterialUpdate":false,"showSkybox":true,"showFlares":true,"showImageEffects":true,"showParticleSystems":true},"in2DMode":false,"pivot":{"x":235.95127868652345,"y":358.683349609375,"z":-0.9262550473213196},"rotation":{"x":-0.4227865934371948,"y":-0.03207305446267128,"z":0.014974478632211686,"w":-0.9055377840995789},"size":2.7772653102874758,"orthographic":false}