{"cameraMode":{"drawMode":0,"name":"Shaded","section":"Shading Mode"},"sceneLighting":false,"audioPlay":false,"sceneViewState":{"showFog":true,"showMaterialUpdate":false,"showSkybox":true,"showFlares":true,"showImageEffects":true,"showParticleSystems":true},"in2DMode":false,"pivot":{"x":-6.817287921905518,"y":-0.2654564380645752,"z":-9.992514610290528},"rotation":{"x":0.16155888140201569,"y":-0.023372652009129525,"z":0.0038284980691969396,"w":0.9865788817405701},"size":23.972440719604493,"orthographic":false}