{"cameraMode":{"drawMode":0,"name":"Shaded","section":"Shading Mode"},"sceneLighting":false,"audioPlay":false,"sceneViewState":{"showFog":true,"showMaterialUpdate":false,"showSkybox":true,"showFlares":true,"showImageEffects":true,"showParticleSystems":true},"in2DMode":false,"pivot":{"x":-0.440000057220459,"y":1.4200000762939454,"z":0.9700000286102295},"rotation":{"x":-0.18840907514095307,"y":-0.1128784641623497,"z":0.021804381161928178,"w":-0.9753384590148926},"size":23.062856674194337,"orthographic":true}