{"cameraMode":{"drawMode":0,"name":"Shaded","section":"Shading Mode"},"sceneLighting":false,"audioPlay":false,"sceneViewState":{"showFog":true,"showMaterialUpdate":false,"showSkybox":true,"showFlares":true,"showImageEffects":true,"showParticleSystems":true},"in2DMode":false,"pivot":{"x":439.9764099121094,"y":151.3363800048828,"z":56.27398681640625},"rotation":{"x":-0.022417649626731874,"y":-0.18429554998874665,"z":0.00420446926727891,"w":-0.9826062321662903},"size":679.232666015625,"orthographic":false}