{"cameraMode":{"drawMode":0,"name":"Shaded","section":"Shading Mode"},"sceneLighting":false,"audioPlay":false,"sceneViewState":{"showFog":true,"showMaterialUpdate":false,"showSkybox":true,"showFlares":true,"showImageEffects":true,"showParticleSystems":true},"in2DMode":false,"pivot":{"x":520.2996215820313,"y":52.856964111328128,"z":0.0},"rotation":{"x":0.22981634736061097,"y":0.29127565026283266,"z":-0.0723033919930458,"w":0.9258052110671997},"size":187.4312744140625,"orthographic":false}