{"cameraMode":{"drawMode":0,"name":"Shaded","section":"Shading Mode"},"sceneLighting":false,"audioPlay":false,"sceneViewState":{"showFog":true,"showMaterialUpdate":false,"showSkybox":true,"showFlares":true,"showImageEffects":true,"showParticleSystems":true},"in2DMode":false,"pivot":{"x":1.4056572914123536,"y":-1.6696035861968995,"z":-10.316579818725586},"rotation":{"x":-0.1270138919353485,"y":0.7761576771736145,"z":-0.1656942367553711,"w":-0.5949723720550537},"size":6.471861839294434,"orthographic":true}