{"cameraMode":{"drawMode":0,"name":"Shaded","section":"Shading Mode"},"sceneLighting":false,"audioPlay":false,"sceneViewState":{"showFog":true,"showMaterialUpdate":false,"showSkybox":true,"showFlares":true,"showImageEffects":true,"showParticleSystems":true},"in2DMode":false,"pivot":{"x":316.6640930175781,"y":279.6451416015625,"z":0.0},"rotation":{"x":0.004177342634648085,"y":0.07552347332239151,"z":0.0003162743232678622,"w":-0.9971352219581604},"size":226.53639221191407,"orthographic":false}