{"cameraMode":{"drawMode":0,"name":"Shaded","section":"Shading Mode"},"sceneLighting":false,"audioPlay":false,"sceneViewState":{"showFog":true,"showMaterialUpdate":false,"showSkybox":true,"showFlares":true,"showImageEffects":true,"showParticleSystems":true},"in2DMode":false,"pivot":{"x":236.33090209960938,"y":361.4344177246094,"z":0.7070579528808594},"rotation":{"x":-0.27376723289489748,"y":-0.05709272623062134,"z":0.016281887888908387,"w":-0.9599618911743164},"size":8.406482696533204,"orthographic":false}