{"cameraMode":{"drawMode":0,"name":"Shaded","section":"Shading Mode"},"sceneLighting":false,"audioPlay":false,"sceneViewState":{"showFog":true,"showMaterialUpdate":false,"showSkybox":true,"showFlares":true,"showImageEffects":true,"showParticleSystems":true},"in2DMode":false,"pivot":{"x":299.5238952636719,"y":207.84971618652345,"z":-13.46551513671875},"rotation":{"x":0.19674775004386903,"y":-0.05114128068089485,"z":0.010277611203491688,"w":0.9790655374526978},"size":573.27587890625,"orthographic":false}