{"cameraMode":{"drawMode":0,"name":"Shaded","section":"Shading Mode"},"sceneLighting":false,"audioPlay":false,"sceneViewState":{"showFog":true,"showMaterialUpdate":false,"showSkybox":true,"showFlares":true,"showImageEffects":true,"showParticleSystems":true},"in2DMode":false,"pivot":{"x":0.0,"y":-1.6699999570846558,"z":-1.239999771118164},"rotation":{"x":0.031466152518987659,"y":0.9685222506523132,"z":-0.17173998057842256,"w":0.17742577195167542},"size":46.7340202331543,"orthographic":true}