{"cameraMode":{"drawMode":0,"name":"Shaded","section":"Shading Mode"},"sceneLighting":false,"audioPlay":false,"sceneViewState":{"showFog":true,"showMaterialUpdate":false,"showSkybox":true,"showFlares":true,"showImageEffects":true,"showParticleSystems":true},"in2DMode":false,"pivot":{"x":3.8199996948242189,"y":-49.63570785522461,"z":-12.374102592468262},"rotation":{"x":0.243767648935318,"y":0.10799459367990494,"z":-0.027325138449668886,"w":0.96341472864151},"size":82.48822021484375,"orthographic":true}