{"cameraMode":{"drawMode":0,"name":"Shaded","section":"Shading Mode"},"sceneLighting":false,"audioPlay":false,"sceneViewState":{"showFog":true,"showMaterialUpdate":false,"showSkybox":true,"showFlares":true,"showImageEffects":true,"showParticleSystems":true},"in2DMode":false,"pivot":{"x":232.9442596435547,"y":314.19427490234377,"z":-0.7265031337738037},"rotation":{"x":-0.4178663194179535,"y":-0.5723382234573364,"z":0.4241868257522583,"w":-0.5638105273246765},"size":5.583699703216553,"orthographic":false}