{"cameraMode":{"drawMode":0,"name":"Shaded","section":"Shading Mode"},"sceneLighting":false,"audioPlay":false,"sceneViewState":{"showFog":true,"showMaterialUpdate":false,"showSkybox":true,"showFlares":true,"showImageEffects":true,"showParticleSystems":true},"in2DMode":false,"pivot":{"x":0.58349609375,"y":-1.479248046875,"z":8.400390625},"rotation":{"x":-0.1619025021791458,"y":0.17686054110527039,"z":-0.029509402811527253,"w":-0.9703798890113831},"size":5.561875820159912,"orthographic":true}