{"cameraMode":{"drawMode":0,"name":"Shaded","section":"Shading Mode"},"sceneLighting":false,"audioPlay":false,"sceneViewState":{"showFog":true,"showMaterialUpdate":false,"showSkybox":true,"showFlares":true,"showImageEffects":true,"showParticleSystems":true},"in2DMode":false,"pivot":{"x":1.409999966621399,"y":3.7200002670288088,"z":-0.09087610244750977},"rotation":{"x":-0.13696080446243287,"y":-0.11355629563331604,"z":0.01580681838095188,"w":-0.9839191436767578},"size":578.0700073242188,"orthographic":false}