{"cameraMode":{"drawMode":0,"name":"Shaded","section":"Shading Mode"},"sceneLighting":false,"audioPlay":false,"sceneViewState":{"showFog":true,"showMaterialUpdate":false,"showSkybox":true,"showFlares":true,"showImageEffects":true,"showParticleSystems":true},"in2DMode":false,"pivot":{"x":63.06999969482422,"y":276.25250244140627,"z":0.0},"rotation":{"x":0.004177342634648085,"y":0.07552347332239151,"z":0.0003162743232678622,"w":-0.9971352219581604},"size":213.63522338867188,"orthographic":false}